,ghg_05,ghg_50,ghg_95,aerosol_05,aerosol_50,aerosol_95,other_05,other_50,other_95,natural_05,natural_50,natural_95,anthro_05,anthro_50,anthro_95,all_05,all_50,all_95
1750,-0.176343448,-0.130645386,-0.096708102,0.021567585955770754,0.07666055,0.22697515752741013,0.016702616621527458,0.070208323,0.21313550931463995,-0.021479057,-0.00295161,0.029956153,-0.104323623,-0.058579316,0.058153099,-0.131674126,-0.052874706,0.085759437
1751,-0.176334735,-0.130642645,-0.096706285,0.021567585955592217,0.07666055,0.22697515752710135,0.016702461396419205,0.070207968,0.2131353041838645,0.015676793628501162,0.044046694958826224,0.083820804,-0.104318304,-0.058572159,0.058163695,-0.173299128,0.001843362,0.20160077019655526
1752,-0.176321419,-0.130636676,-0.096701621,0.021879212395001305,0.077172325,0.231844828,0.016466226090241634,0.070451407,0.21629713810201046,0.040356640850733344,0.070210916,0.1128351420722815,-0.103734807,-0.058198926,0.062282696,-0.14471199,0.029323594587600976,0.22892891509934707
1753,-0.176300213,-0.130626674,-0.096693389,0.022394228572668304,0.077873731,0.23397828329493917,0.016258792320223037,0.071274331,0.22026941303279693,0.051862816368488746,0.081261639,0.12504555548914847,-0.103907253,-0.0574538,0.065793874,-0.142845198,0.038838554591018315,0.27872861540000526
1754,-0.176261138,-0.130607515,-0.096674966,0.022639867782683107,0.078130274,0.23466197720201734,0.016436160001816358,0.071333362,0.21988324090532022,0.05497726,0.083483493,0.12800633740366502,-0.104146584,-0.057463597,0.065846383,-0.154850298,0.048769789,0.2690878193011493
1755,-0.17621637,-0.130560388,-0.096626182,0.022234034226352103,0.07766258,0.2297642249196196,0.016141537947018725,0.070666118,0.21689444441251848,0.003784646,0.033568995,0.079978418,-0.104429088,-0.058520362,0.060514521,-0.198959925,1.1157619004303898e-05,0.22580214955066727
1756,-0.176128878,-0.130487305,-0.09656673,0.022040119,0.07727525,0.2295518472590436,0.016337675343847002,0.070291297,0.21514622930911959,-0.007920469,0.014163080676009694,0.054742193,-0.103766416,-0.059109886,0.061800077,-0.223424954,-0.026345589,0.18432924426633804
1757,-0.176022236,-0.130406038,-0.096499977,0.022171509064660533,0.077580839,0.23282710823642305,0.016237605,0.070766897,0.21692764467951173,0.006900104,0.025134409956538498,0.06534291,-0.103379225,-0.057918242,0.063431845,-0.193665869,-0.007800791,0.18708900167535064
1758,-0.175874927,-0.13029319,-0.096405514,0.021835139849418428,0.076290001,0.22530650386613277,0.016250380713521757,0.069906056,0.21159050818401393,0.022660460279868518,0.042167026,0.082953226,-0.103592889,-0.058470383,0.058516012,-0.187251917,0.008413867,0.23328874183427017
1759,-0.175717938,-0.13016813,-0.096302239,0.021591654,0.076088699,0.22528116991988414,0.01624951,0.069671901,0.2096582195945566,0.039084969,0.062151495,0.10661196441903503,-0.10338864,-0.05861256,0.056554193059594665,-0.158334572,0.019606316946071456,0.24518885406245705
1760,-0.175548751,-0.130026382,-0.096184996,0.021426270849180182,0.076002722,0.22438735396341108,0.016743887,0.069358015,0.20918544501213449,0.054553728,0.082054827,0.1287866395208528,-0.103636507,-0.058881919,0.057073,-0.154836996,0.042423455643851096,0.261059758
1761,-0.175359489,-0.129861032,-0.096048693,0.021173745207100872,0.075140944,0.22009632386145989,0.015809678989843437,0.068620294,0.20583769035616012,0.067604943,0.098385585,0.1479278507168665,-0.103812031,-0.059604511,0.053241297,-0.123354039,0.050207278,0.2703679524640712
1762,-0.175161529,-0.129682394,-0.095901185,0.021109371889289116,0.074850029,0.21945698378191564,0.015753104,0.068534038,0.2036985074816059,0.07392794,0.10782599399836955,0.16067093487299416,-0.104202985,-0.059472785,0.052184597,-0.134398873,0.05970067,0.2642976487646256
1763,-0.174951199,-0.129497793,-0.09574705,0.021154773,0.075294077,0.22046974847074263,0.015407662528689026,0.068751676,0.20549409564049664,-0.101673846,-0.037852104,0.039571698230163904,-0.104253055,-0.059057368,0.053874181,-0.284685521,-0.07764601,0.12296990535403142
1764,-0.1747272,-0.129303809,-0.095584351,0.021177982618792224,0.075430643,0.22202652608760728,0.016275244572372533,0.069243293,0.20729915700055843,-0.15035045,-0.086323778,-0.022343778,-0.103805777,-0.058572251,0.056105423648238215,-0.317714409,-0.127922448,0.094805181
1765,-0.174501372,-0.129099642,-0.095413485,0.021707406,0.076794525,0.22982035878436782,0.016876696303974453,0.070358652,0.21462771597960992,-0.097608867,-0.049121556,-0.003286001,-0.102189375,-0.057017113,0.064533134,-0.284677929,-0.088080087,0.10992793057212101
1766,-0.174249841,-0.128870247,-0.095224657,0.021659322,0.07602513,0.22470430000114733,0.016587004,0.069728401,0.21127399842234912,-0.048586813,-0.010410365,0.034019913140353096,-0.102508182,-0.057287599,0.059642089,-0.250242448,-0.063382901,0.15988024311049895
1767,-0.173948541,-0.128626583,-0.095025299,0.021650634431926635,0.076093019,0.22479647790405288,0.016694716286553724,0.069744685,0.2119778719717533,-0.012666018,0.016819249660496628,0.060422734,-0.102463156,-0.057389677,0.060419275,-0.213484871,-0.02790595,0.1770586929646078
1768,-0.173598506,-0.128378576,-0.094816259,0.021777319,0.076212918,0.22459367918443696,0.016473261,0.069995273,0.21204566115407492,-0.069727827,-0.033667423,0.004859366,-0.10189033,-0.057287277,0.061320797174266875,-0.276837224,-0.081586693,0.1293314958188191
1769,-0.173254313,-0.128117909,-0.094580614,0.021163495,0.074095884,0.21515559906634196,0.016904348497569527,0.068468839,0.20336489095567598,-0.070207806,-0.036609079,0.000841875,-0.101766512,-0.05813848,0.052985215,-0.281694555,-0.083205812,0.12374554481826334
1770,-0.172851685,-0.127814886,-0.094334716,0.020982274413432978,0.073965903,0.21644781715694586,0.016834482303782483,0.068558113,0.2019069788114933,-0.028905155,0.004199679,0.048449979,-0.101446581,-0.05780024,0.051610174,-0.215469037,-0.043257283,0.17589850315697406
1771,-0.172420417,-0.127497037,-0.094080603,0.020960111065627368,0.07402121,0.21555734490985431,0.016730282619956932,0.068206264,0.20091216298419437,0.009489476,0.046717786249333995,0.089462939,-0.101481239,-0.057621962,0.051923268,-0.196095186,-0.005637563,0.22089647258847983
1772,-0.171979641,-0.127168691,-0.093823415,0.02121688,0.075210534,0.22091151363541592,0.016408838792500047,0.06887974,0.20541507992131605,0.038818674324221314,0.073528161,0.1188013047904833,-0.100811315,-0.056466733,0.05751983,-0.162864834,0.031506266,0.24403679121808436
1773,-0.171530022,-0.126830892,-0.093561664,0.021622395470971736,0.076331605,0.22591508640482288,0.016646256661061884,0.069465707,0.21109664959866156,0.053540312782612565,0.08814924,0.13567209922178042,-0.100392858,-0.055385046,0.062695223,-0.131910353,0.048189131,0.2517833716576344
1774,-0.171063418,-0.126480128,-0.093288734,0.022145680701675455,0.076750874,0.2279320539002254,0.016190553,0.069658925,0.21379760282682447,0.060381048,0.093151511,0.14180851441016845,-0.100316524,-0.054580087,0.065846149,-0.140495254,0.050076348,0.26957318749613224
1775,-0.170551836,-0.126102352,-0.09301536,0.021610415249414053,0.075071387,0.22025966061921265,0.016410745334737784,0.067803819,0.20708754884457223,0.06029907,0.092201618,0.1413729863808764,-0.100330724,-0.05558605,0.059284386,-0.112785491,0.051663011,0.23743685846201015
1776,-0.170002424,-0.125701435,-0.092731122,0.021281992,0.07467696,0.219316846,0.016559499480876524,0.067693989,0.20482047397656572,0.056988505097391944,0.088965806,0.136797605,-0.099894594,-0.055734238,0.057752253,-0.151624833,0.046673736,0.2666675221084077
1777,-0.169426994,-0.125300222,-0.092438067,0.021441961953308136,0.075471275,0.2211171711291176,0.016080003879362148,0.067891577,0.207896654,0.053316158,0.083868121,0.13384039775113565,-0.099587236,-0.054907763,0.060225553,-0.148350614,0.044168979,0.2552527960385226
1778,-0.168816547,-0.124856945,-0.092120003,0.021404862175605208,0.074788038,0.21888600672823932,0.015927777,0.067491305,0.2031180332899754,0.052865723,0.082721172,0.13502018191174972,-0.098870679,-0.055142569,0.057842824,-0.146163768,0.045250221077093644,0.26151654833790594
1779,-0.168168669,-0.124368957,-0.09175252,0.021213299853255638,0.07353988,0.21486927125361777,0.016252476925852147,0.066558934,0.19832215342732018,0.057984549499126084,0.088917689,0.14277440822172655,-0.098288142,-0.055494934,0.053481358,-0.142453239,0.051075593503785405,0.26274874297289647
1780,-0.167496872,-0.123865201,-0.091369525,0.02126581,0.074054193,0.21513262510077247,0.016408643,0.066504566,0.19941681555109847,0.069868146,0.10399344431775744,0.1591786816406927,-0.097453047,-0.055061368,0.055234652,-0.130539477,0.058710957,0.28885970539741535
1781,-0.166791539,-0.123330286,-0.0909619,0.021088811,0.072536153,0.2112204162428212,0.016371326016614382,0.065462578,0.1955914382243814,0.081430663,0.11886538203671021,0.17736259487483294,-0.097140255,-0.055322154,0.051587182,-0.110667676,0.072242242,0.2928387351771219
1782,-0.166060463,-0.122782273,-0.090543804,0.021122115317590423,0.072620175,0.21037709202431312,0.016159586837375742,0.065494687,0.195005832,0.087911491,0.12792877165001662,0.18889789560576342,-0.096246678,-0.055270712,0.050294559,-0.125018555,0.08447193,0.30907791742841795
1783,-0.165312751,-0.122223385,-0.090119286,0.021167702580039915,0.073102526,0.21165344564995883,0.016281995,0.065848504,0.19531154742745235,0.088887576,0.13086811649331778,0.19317273864607626,-0.095944946,-0.054363997,0.051877807,-0.108163412,0.087862542,0.3198050192284862
1784,-0.164554017,-0.121657344,-0.089690357,0.021207490025489828,0.073752737,0.21268223305479178,0.016158636159742362,0.066334064,0.19753820001881295,-0.311214803,-0.177317245,-0.017918411,-0.095601797,-0.053638838,0.0544037,-0.433437199,-0.216078694,0.031127286871743112
1785,-0.163788683,-0.121089359,-0.089265522,0.021448183810673704,0.074369936,0.21557167188085358,0.017528672216730934,0.067493528,0.20421174357305327,-0.416747916,-0.27495421,-0.148861323,-0.094427802,-0.051459185,0.06255314,-0.534927555,-0.321814781,-0.089128345
1786,-0.163000707,-0.120500622,-0.088824805,0.021336507,0.07406942,0.21392295543913797,0.017360556,0.067886134,0.20317710315318158,-0.317749484,-0.1954134,-0.102432291,-0.093318654,-0.050592958,0.059912981212017824,-0.45120903,-0.237721054,-0.034221148
1787,-0.162195696,-0.119905665,-0.088377369,0.021405931,0.074230517,0.2139621794082794,0.017772019337989664,0.068288289,0.2029658506017657,-0.20852429,-0.109329232,-0.035982594,-0.092113278,-0.049489099,0.062509295,-0.352441915,-0.150660485,0.054524402
1788,-0.161367186,-0.119293598,-0.087913432,0.021336305075902007,0.073570147,0.21176743041645538,0.017791876,0.067762512,0.20080478088520687,-0.122766871,-0.045922749,0.011615898847536076,-0.091425584,-0.049591062,0.060421505,-0.281760148,-0.085077161,0.12371545217079065
1789,-0.160500165,-0.118646438,-0.087440674,0.02090985,0.071050906,0.20279316990916577,0.017446962,0.065443027,0.19079871956444922,-0.057070048,0.001718842,0.053585434867677265,-0.091750951,-0.050195564,0.052621366358457225,-0.234477971,-0.037647652,0.16548416111451092
1790,-0.159612591,-0.118004985,-0.086959405,0.020745345749236588,0.07111483,0.20219676781454254,0.017323118057643444,0.065147252,0.18959765356688446,-0.006543484,0.043583358,0.094304342,-0.090996945,-0.049986361,0.049333684,-0.186725443,0.003742629,0.20869013490474825
1791,-0.158712668,-0.117357969,-0.086462276,0.020676841,0.070768176,0.20097775201617873,0.016827394,0.06528759,0.1880805173726927,0.027686521,0.072166043,0.1254770850827369,-0.09042097,-0.050166459,0.048593317789822094,-0.147745694,0.042333292,0.25545944312296226
1792,-0.157817337,-0.116705309,-0.085965438,0.020942605,0.071863581,0.20367890018646795,0.016576301304509142,0.066013531,0.19101812123180695,0.048074624,0.090036824,0.1442766250989164,-0.09014551,-0.048887995,0.054846847021115926,-0.143614903,0.055032672,0.26581247320711476
1793,-0.156929254,-0.116052911,-0.085476373,0.021240441182892922,0.072589653,0.2070018246267203,0.016806608097000714,0.065604786,0.19465919449844143,0.060823175,0.1011922804381542,0.15534612395271785,-0.089704117,-0.048154647,0.060172493055870704,-0.130045022,0.068298082,0.2827196705730115
1794,-0.156109146,-0.11539505,-0.084986226,0.021260178,0.073014492,0.21091730264831823,0.016328171369451666,0.065950054,0.19771982517273698,0.066258267,0.10478835197086672,0.1605017292753368,-0.08915381,-0.04744824,0.062355074,-0.130247276,0.079636006,0.2810848656351558
1795,-0.155275777,-0.114715557,-0.084475261,0.020941793,0.07127433,0.20370986670848548,0.01590014,0.064229235,0.1912287866929096,0.067046259,0.10428972233355822,0.1583861561576576,-0.088815674,-0.04794493,0.055913387,-0.107572124,0.068567738,0.27077519636446956
1796,-0.154425183,-0.114026007,-0.083954797,0.020783934278315555,0.071240749,0.20224553386712463,0.016070834700559145,0.064193027,0.1895516954684326,0.036534107,0.070590831,0.12259152697797919,-0.088078368,-0.047932477,0.054286562,-0.152605524,0.030440199170867047,0.23981090283059053
1797,-0.153568147,-0.113343314,-0.083437035,0.021000919658953288,0.07212019,0.20544830010137483,0.015905563856531024,0.065148652,0.192839425,0.027272283398239297,0.055413144763399536,0.1042812387339964,-0.086812514,-0.046696751,0.057662979,-0.175694078,0.025908888205531277,0.2405523542998339
1798,-0.152695315,-0.112653946,-0.082904439,0.020805108123105584,0.071214726,0.20241548562692313,0.016252398461928136,0.064820406,0.1905612629712995,0.033454577,0.057727673096961106,0.10661107787943122,-0.085881511,-0.046069637,0.055832760807477344,-0.167141183,0.016272683,0.23885735155271706
1799,-0.151803299,-0.111938526,-0.082354866,0.0206541,0.070409596,0.19855968269397795,0.016447829908609296,0.063947421,0.18655914568721058,0.037714418,0.062975843,0.11285793716608558,-0.08505022,-0.045921943,0.052992192159670715,-0.158330083,0.031895372,0.2345203608272569
1800,-0.150893021,-0.111223885,-0.081809815,0.020525349504526655,0.070293545,0.19853903056924982,0.016441492784929873,0.063734288,0.18420501111892562,0.040498388,0.06759306,0.11927392867953719,-0.084659641,-0.045512014,0.052256787,-0.158320013,0.034137704700584484,0.24297557003260656
1801,-0.149941468,-0.110487683,-0.081245179,0.02025233,0.06947127,0.19538378925854386,0.016307997922419992,0.063122455,0.18128646687818556,0.045016459,0.073917945,0.12684723573584877,-0.084126795,-0.045266007,0.052064911559537214,-0.132273491,0.034318861510322644,0.23499070176090062
1802,-0.148911335,-0.109736904,-0.080685103,0.020266609556683204,0.069557987,0.19445347743957647,0.016097118651451803,0.063099828,0.18008435509356865,0.051670077,0.081960648,0.13653102663148411,-0.083346079,-0.044743418,0.052156148,-0.144662791,0.045352283,0.2571028191426469
1803,-0.147851466,-0.108961724,-0.080110709,0.020226302341635513,0.069294026,0.19498800170814462,0.015453556275082936,0.062911347,0.1799845716689246,0.059253833,0.090959316,0.14761735014491195,-0.082865512,-0.044066509,0.052952662,-0.117723191,0.052648289,0.26819225184476797
1804,-0.146827101,-0.108174319,-0.079538673,0.020282463,0.069867432,0.19750996390791423,0.015484097,0.063250687,0.18346462851372522,0.066072948,0.099752117,0.157119564,-0.082273658,-0.043188564,0.057450989,-0.109950295,0.069454573,0.27683773197462536
1805,-0.145814848,-0.107373988,-0.078958809,0.020467328,0.070556363,0.19894621154590497,0.015927065245235975,0.063238482,0.1855109167950066,0.07014602,0.10590604091412889,0.1639169155879867,-0.081516333,-0.042623386,0.059830025,-0.11165851,0.068068573,0.2713971144137817
1806,-0.144750044,-0.106548755,-0.078361423,0.020400062535628552,0.069854807,0.19640579385703053,0.015811161166428167,0.062468503326458924,0.18386094325980196,0.072005448,0.10862232593275928,0.1691364605726214,-0.08101056,-0.042015892,0.058650821,-0.11141348,0.065233104,0.27138111951354077
1807,-0.143626141,-0.105714623,-0.077749926,0.020332527882345644,0.069650029,0.19572624720535003,0.015767856,0.06199641,0.18189301887357184,0.071391689,0.10875882478510451,0.17045631201114558,-0.07986433,-0.041554309,0.058165106,-0.120041988,0.072807326,0.2880525254934412
1808,-0.142473626,-0.104856828,-0.077124775,0.020251318012315653,0.068744362,0.19323379830754644,0.015610871120682587,0.061454759517235336,0.1791396615031794,0.068942473,0.10633572692044589,0.1680617141904258,-0.079782204,-0.041595776,0.055333245,-0.126105577,0.069452677,0.2805204962041873
1809,-0.141277146,-0.103967952,-0.076470312,0.019147257887607537,0.066879731,0.18160561872465553,0.015713617,0.059920628,0.17022200819068334,0.065210704,0.10268519097059012,0.16628754731851797,-0.078591466,-0.042573416,0.047049968804592904,-0.119156331,0.066196165,0.27292662109567134
1810,-0.140058744,-0.103068448,-0.075805541,0.019220902,0.066384293,0.1810423508862734,0.015519708804320076,0.059644663009924104,0.16659377292338515,-0.577876539,-0.365290393,-0.132920132,-0.077869119,-0.041683629,0.045006617,-0.671118601,-0.40351549,-0.106024309
1811,-0.138845189,-0.102183901,-0.075136734,0.019005616444362494,0.065616729,0.17870529951812464,0.016336665,0.061127474,0.16584682821089541,-0.752054275,-0.510806052,-0.311918165,-0.075296803,-0.040263798,0.045572684,-0.82046665,-0.549525118,-0.271172283
1812,-0.137693984,-0.101305779,-0.074467767,0.019431856546282683,0.066231209,0.1801784990218156,0.017215027923234483,0.062528155,0.17009486936214685,-0.588652063,-0.384949223,-0.233781612,-0.073167265,-0.037585077,0.051107720357400244,-0.688536952,-0.414696249,-0.189318423
1813,-0.136525561,-0.100425375,-0.073792621,0.019811100497682532,0.066985134,0.18434884836051701,0.017802318448630228,0.063169882,0.17391933185139347,-0.409193941,-0.241463359,-0.120533118,-0.072056247,-0.035348677,0.05677143,-0.514661092,-0.268215822,-0.038326997
1814,-0.135329988,-0.09951136,-0.073116677,0.019893610174590598,0.067333971,0.18523457950741812,0.017991536787446194,0.062753137,0.17670254059192692,-0.27540362,-0.134905602,-0.048574596,-0.071778232,-0.034580435,0.059069494,-0.383329969,-0.169676732,0.038465478
1815,-0.134103215,-0.098532639,-0.072409906,0.018804040163628806,0.065456947,0.17813607481000301,0.017333629436977832,0.060919637,0.16915971263248472,-0.17702461,-0.071705336,-0.003344358,-0.071337704,-0.036288411,0.051360504,-0.326008554,-0.105887626,0.084767801
1816,-0.132791718,-0.097538851,-0.071689623,0.018746756700737888,0.064638631,0.1750179561517753,0.016794116924714775,0.060441808,0.16488271962771284,-1.3343645,-0.911662871,-0.512630237,-0.070881624,-0.036161033,0.048638534,-1.394103826,-0.941058193,-0.522363789
1817,-0.131560052,-0.096604338,-0.070980925,0.018765461662167082,0.064633992,0.17541111658357655,0.018887726,0.062834029,0.1675296922834142,-1.699055844,-1.192239707,-0.809090642,-0.06750163,-0.032742278,0.052384761,-1.743072464,-1.226538451,-0.775146163
1818,-0.130253296,-0.095625253,-0.070262218,0.018628003,0.064102182,0.17269758422315706,0.020557600915771745,0.064539664,0.16983746367294272,-1.374391966,-0.937049183,-0.62182837,-0.064237033,-0.030044558,0.056485753,-1.408989608,-0.960742421,-0.591012026
1819,-0.128878752,-0.094638275,-0.069521396,0.01843409,0.06302748,0.16528889276193048,0.021256706841261686,0.063777241,0.16496353157590748,-1.01440262,-0.635209105,-0.364298516,-0.062926312,-0.030052702,0.051953027,-1.078319129,-0.659483053,-0.328998756
1820,-0.127490377,-0.093672449,-0.068781238,0.018454397,0.062749031,0.16333695067464832,0.020098526,0.063305866,0.16261973247500294,-0.759749695,-0.419680437,-0.215816655,-0.062690933,-0.029870752,0.051134921,-0.802289818,-0.450430045,-0.175851965
1821,-0.126074582,-0.092638773,-0.068002981,0.018313423,0.061398635,0.1588324072689996,0.019253519196673285,0.061135574,0.15565912198591608,-0.570614475,-0.286836468,-0.138027834,-0.062531907,-0.0309998,0.046629191,-0.604284813,-0.316913577,-0.0862248
1822,-0.124641041,-0.091591983,-0.067226083,0.018283423,0.060992493,0.156864104,0.018800585400471748,0.059943210464911134,0.1527372968065958,-0.432557627,-0.206477774,-0.085531866,-0.062484782,-0.030896491,0.045243522,-0.490860195,-0.23028294,-0.028258965
1823,-0.123203111,-0.090520257,-0.066416506,0.018220568120975666,0.06100322,0.1562743103212138,0.018011330361309308,0.058862214018884224,0.15050013268021484,-0.363429694,-0.189013738,-0.086120231,-0.062009723,-0.030543201,0.045556185,-0.456693165,-0.212364627,-0.010521746
1824,-0.121736657,-0.089451578,-0.065626652,0.018338247868008695,0.061447419,0.1595486894592303,0.017477156494530632,0.059070111,0.1537359697757843,-0.310737829,-0.161973263,-0.071635702,-0.061549323,-0.029394828,0.048708143,-0.421807549,-0.184565098,0.016939945
1825,-0.120254215,-0.088360381,-0.064812452,0.018328949198785555,0.062086049,0.16097374440689682,0.017061738271589466,0.058999073,0.15564976525949725,-0.254126405,-0.125553969,-0.042824607,-0.060568587,-0.028581299,0.049138924,-0.366636621,-0.1508579,0.065932675
1826,-0.118735734,-0.087249494,-0.063961189,0.018321738936795173,0.06081102,0.157492525,0.01693458,0.057934119,0.1503407618206276,-0.207822749,-0.088359107,-0.01073911,-0.059598021,-0.028590863,0.048186483,-0.316501579,-0.109178374,0.092008011
1827,-0.117195361,-0.086118265,-0.063132627,0.018346517661763914,0.060748323,0.15781494478416314,0.016933522,0.057463161,0.15017376361345486,-0.167013756,-0.056055952,0.014302869136287033,-0.059097632,-0.028084313,0.048234042,-0.291544992,-0.082818252,0.12536300014687501
1828,-0.115618822,-0.084963794,-0.062268034,0.018265460489663488,0.060037136,0.15498982628712749,0.016782144,0.056585458415029155,0.14680288760663285,-0.130530382,-0.027400909,0.035603558,-0.057796773,-0.0278216,0.046040786,-0.250505891,-0.052018121,0.1381226021228593
1829,-0.113999766,-0.083767338,-0.061396647,0.017061768395571254,0.056785957,0.14281232912531583,0.016552970338744713,0.05398856,0.13568750005482041,-0.099239229,-0.005611556,0.053201555,-0.056868887,-0.029236414,0.03665726,-0.225750615,-0.035525564,0.15410289282470493
1830,-0.112376318,-0.082513425,-0.060489383,0.016837607791647433,0.056205509,0.14063783839626032,0.016035342,0.053032701,0.13476457966086963,-0.078006595,0.008562443,0.060707209,-0.055981893,-0.028755395,0.035624612,-0.19499828,-0.01781217,0.17433833126754406
1831,-0.110714616,-0.081274283,-0.059581624,0.016410504780468627,0.055021965,0.13590556963706976,0.015181384107742557,0.051756507403644736,0.13062800451715037,-0.061544257,0.018178537,0.065843239,-0.055253369,-0.028722918,0.032589834,-0.18503719,-0.011530936,0.16944550603427266
1832,-0.109045213,-0.080032158,-0.058668908,0.016810218,0.055795217,0.13959359874844535,0.015436619065554102,0.051973512,0.13203665200775982,-0.695474579,-0.458896046,-0.228448036,-0.054151583,-0.027279293,0.037437292,-0.78564449,-0.464909726,-0.177839088
1833,-0.107340725,-0.078814353,-0.057791697,0.017100434480075366,0.056741276,0.14187529736131288,0.016227132439847636,0.053779844,0.1371418314321644,-0.872704419,-0.608569654,-0.400743818,-0.051664554,-0.023867805,0.041749058,-0.926410143,-0.633666106,-0.347446621
1834,-0.105610215,-0.077599534,-0.056898697,0.017140501,0.056828107,0.14205717638275828,0.017158535,0.054853121,0.13776267238458395,-0.687151657,-0.477897344,-0.311811719,-0.049809741,-0.021805211,0.045165816757746946,-0.753993,-0.495260182,-0.25784294
1835,-0.103837995,-0.076342929,-0.055953869,0.016334597421583053,0.054199393330813805,0.13408434187876445,0.017228829781748112,0.053296565174646204,0.132351556,-0.505729565,-0.324476824,-0.191401553,-0.048707731,-0.02211748,0.040581249,-0.597061437,-0.342944736,-0.120546714
1836,-0.10204262,-0.075064157,-0.05498345,0.016136786,0.053727061515150776,0.13261525162506924,0.017190798027224896,0.052337401,0.1291768486135194,-0.523609027,-0.371283471,-0.2464203,-0.047605759,-0.021640489,0.040014625,-0.606867578,-0.383127224,-0.170781933
1837,-0.100209612,-0.073761702,-0.054010656,0.015903187,0.053050833,0.1298551920629999,0.016767226462024637,0.051822822,0.12712345134364988,-0.494304361,-0.336875186,-0.220354442,-0.046349413,-0.021091307,0.039324397,-0.581390532,-0.346549947,-0.156780027
1838,-0.098354115,-0.072436863,-0.053003867,0.015513781380309788,0.051811372,0.12636175696789237,0.016722551158701637,0.050916446,0.12436017680833245,-0.381142795,-0.235379708,-0.132599523,-0.045282849,-0.020670291,0.03706648,-0.470162664,-0.241242446,-0.049163072
1839,-0.096468282,-0.071040164,-0.05196828,0.014942157114426702,0.049983477,0.12010286069245324,0.016184974,0.049085452,0.11772558177513542,-0.284452668,-0.146549271,-0.060363478,-0.044311205,-0.021235482,0.033157597,-0.385378718,-0.158144957,0.041871567
1840,-0.094567358,-0.069612928,-0.050937921,0.014745486182648246,0.049349972,0.11909130092784803,0.015815535,0.048103713,0.11475077462228205,-0.202991531,-0.086247634,-0.011498028,-0.043552666,-0.020736678,0.031734414739638825,-0.311656979,-0.097696964,0.088343369
1841,-0.09263189,-0.06817749,-0.049900999,0.014446573028102955,0.048641877380522114,0.11650752504533335,0.014718244926185078,0.046802825251848756,0.1112525759150892,-0.151969005,-0.052821652,0.014856821694724603,-0.043315526,-0.020643699,0.030438580703654114,-0.26209797,-0.075270528,0.11898061184306136
1842,-0.090669063,-0.066724596,-0.04883991,0.014204830245546939,0.046954464,0.11158144173367589,0.014461075097719364,0.045482345,0.1074847475761467,-0.116309416,-0.029498498,0.030274952232568222,-0.042098519,-0.020659819,0.028342130147481104,-0.236101359,-0.052481512,0.14320259208194505
1843,-0.088673647,-0.065259376,-0.047780875,0.014064408810413834,0.046608815790675634,0.11136759137772337,0.014187880569920139,0.04451415,0.10659223387030003,-0.095909693,-0.016148299,0.033970287,-0.041230817,-0.019615866,0.029008614069997815,-0.223306112,-0.03048499,0.12957967537811188
1844,-0.086688029,-0.063791364,-0.046727389,0.014406033508502572,0.047987178,0.1145651813452551,0.013690476228019707,0.045023644,0.10845876844007518,-0.084237559,-0.008410728,0.035304436,-0.0400991,-0.017649276,0.031977182,-0.210012713,-0.021857887,0.15191111214040798
1845,-0.084678091,-0.062320604,-0.045654682,0.014474803210757288,0.048097943,0.11584444350353183,0.013640903,0.044677788421912015,0.10929903276590008,-0.116856099,-0.043967321,-0.004493958,-0.038783004,-0.016550929,0.034349999,-0.232060091,-0.061810062,0.13260942956396665
1846,-0.082646212,-0.060826144,-0.044563117,0.013979606690970495,0.046566369,0.1108516682177009,0.013222912683688054,0.043468628,0.10508425754442996,-0.117701289,-0.050097228,-0.019571846,-0.03784835,-0.016407704,0.032773193,-0.244409738,-0.074000791,0.12234892514681105
1847,-0.080594722,-0.059321384,-0.043471239,0.013897111060361268,0.046108717,0.110700243,0.012844622147542825,0.043338627,0.10362995935942844,-0.091209784,-0.032602373,-0.006678382,-0.036289667,-0.015361047,0.032786431090224534,-0.220976503,-0.044018005,0.13775193205333564
1848,-0.078516495,-0.057792285,-0.042357238,0.013413626,0.043877838485630566,0.10428702763183312,0.012593548772141243,0.041614659,0.098949185,-0.067278614,-0.012637111,0.012435592642311026,-0.03526617,-0.015647247,0.02978215,-0.192310939,-0.027378764,0.1451684009655541
1849,-0.076400931,-0.056236743,-0.041225301,0.012951798655646177,0.040936281,0.094745072,0.012084598531406407,0.03905168,0.090196878,-0.046109916,0.003114761,0.029044099294144116,-0.034340381,-0.016610055,0.022920974354286215,-0.18249057,-0.013903974,0.1435897826080324
1850,-0.074254583,-0.054661521,-0.040076891,0.012709804831558029,0.039931725923315974,0.091239521,0.011719529873503193,0.037800796,0.087808907,-0.029245898,0.016429825865433845,0.042944466,-0.033638474,-0.016326257,0.022096447050515042,-0.156787019,0.003212593,0.17454563669999906
1851,-0.071983071,-0.052905111,-0.038790798,0.012393429531027338,0.038555165,0.086972671,0.010902527862966312,0.036348437,0.083686836,-0.013741339,0.026986528,0.054543219129882164,-0.032385013,-0.016083548,0.018424902,-0.150382551,0.016799813,0.17665669329489306
1852,-0.069591126,-0.051138267,-0.037470627,0.012428271924481302,0.039199328674162384,0.088348735,0.011182640222914472,0.036784461,0.084088269,-0.004179005,0.034093822,0.061548426,-0.030820413,-0.014120777,0.020942994837392287,-0.139064632,0.021121859,0.17772882585168379
1853,-0.067124297,-0.049257643,-0.036091801,0.012442553381297336,0.039666141130967225,0.090744997,0.011336355390981198,0.037013986,0.085045528,0.003298618,0.038630751,0.06657053,-0.028935205,-0.011784415,0.026396129,-0.122273104,0.028080627747069584,0.1978776315560256
1854,-0.064599509,-0.04735175,-0.034681522,0.012327552729485936,0.039228939,0.090166544,0.010949514,0.036367717105299804,0.084275185,0.009433121,0.042048393,0.0697571,-0.027813083,-0.01040857,0.027416382,-0.134036429,0.029394023686496795,0.2028081757607339
1855,-0.062004271,-0.045420367,-0.033224667,0.011753092033476603,0.036398381886340106,0.081327489,0.01027871,0.033717033,0.077426167,0.013410660733773082,0.043092603034376176,0.07117651,-0.026883033,-0.011216163,0.022813013,-0.125442839,0.027180229648664886,0.20006170792014702
1856,-0.059357973,-0.04345249,-0.031759877,0.011575955875590307,0.035580770792221744,0.078116105,0.009958884,0.033147257,0.074646181,-0.047518158,-0.010689521,0.022196809,-0.025120479,-0.010138467,0.022436215,-0.185745469,-0.01947535,0.16187861283244886
1857,-0.056679435,-0.041441334,-0.030310367,0.011304742,0.034928837734624435,0.07693256,0.0098758,0.032481336,0.073455194,-0.05343748,-0.02567129,-0.005243308,-0.023882075,-0.008881167,0.022974711257560343,-0.200438488,-0.032463917,0.13339671586778382
1858,-0.053966843,-0.039459024,-0.028818113,0.01096915,0.032813249,0.071637354,0.009343936,0.030551529784265757,0.069023318,-0.02956453,-0.007698538,0.006777134,-0.022069701,-0.008570662,0.02079505,-0.182706002,-0.01677022,0.15007796954582842
1859,-0.051256083,-0.037459003,-0.027313988,0.010247007323017393,0.030965013392469334,0.066488926,0.008972284,0.029119698,0.063981424,-0.003799809,0.013815270880819581,0.028373969,-0.020697757,-0.008574699,0.018348598,-0.142219579,0.008334889,0.16104608613369625
1860,-0.048526793,-0.035376388,-0.025793598,0.009631458,0.029402675,0.062642314,0.008584801,0.027646412479024926,0.060217766,0.014553455455326991,0.031257955488143425,0.04717845,-0.019550279,-0.007842952,0.017021038,-0.127458885,0.020252714522031496,0.16227547848111573
1861,-0.045740364,-0.033330671,-0.024289916,0.009137489,0.027775875546594754,0.059874396597612595,0.008116849,0.025541284,0.056588765906655264,0.026145227149123762,0.043776099,0.063438341,-0.018687768,-0.007639616,0.015188075727157122,-0.107845592,0.037178556,0.19998538489642265
1862,-0.04292533,-0.031347817,-0.022866172,0.008788149,0.026706738,0.056561858204733056,0.007805376,0.024453443,0.053342841,0.017809655632619152,0.035103982,0.053502988,-0.017306492,-0.006874584,0.014406456219880848,-0.127526948,0.030251003803128784,0.19980400101875362
1863,-0.040167606,-0.029383537,-0.021410381,0.008540284,0.025961951977695727,0.054879231529736824,0.007567273,0.023528744242247573,0.0517922,0.011053121293278373,0.025484025225147318,0.042619729800602385,-0.016332737,-0.005862438,0.014280042093197831,-0.130333006,0.026276514607363896,0.1807623155959831
1864,-0.037448867,-0.027425023,-0.019989364,0.008524114,0.026055011,0.055170852,0.007062238,0.023702355663324626,0.052244031412164375,-0.135005416,-0.083358335,-0.025778947,-0.014868726,-0.003753358,0.017672537,-0.248904613,-0.086224788,0.070192032
1865,-0.034762026,-0.025460084,-0.018599633,0.008613493,0.025544890628136807,0.053461454,0.007172219,0.023406744,0.050724068,-0.159001543,-0.107634794,-0.064367566,-0.013040825,-0.00207058,0.019699926924557826,-0.265673109,-0.106446425,0.044064357
1866,-0.03205582,-0.023506228,-0.017238339,0.00759922,0.022582680959888517,0.047603990460191425,0.006810932,0.020990751191615392,0.045475387148942045,-0.105041122,-0.068307073,-0.039611769,-0.011904658,-0.002581296,0.015676778,-0.215869763,-0.063975958,0.090250258
1867,-0.029329452,-0.021548556,-0.015814171,0.007342966,0.021668630168332287,0.044328157,0.006527474,0.019806998,0.042479552,-0.05885222,-0.026756563,-0.005463632,-0.010711233,-0.001660913,0.015700955,-0.186845795,-0.022044622,0.13968531456119185
1868,-0.026558725,-0.019534676,-0.014379668,0.00648067,0.018638017299019982,0.037776664,0.005547106,0.017379282,0.035756335,-0.024279337,0.000270718,0.015129471544937767,-0.009866503,-0.002419113,0.011644399733475828,-0.153474727,-0.000332589,0.15665753133764615
1869,-0.023782865,-0.017540341,-0.012930739,0.004734838,0.014789405,0.029287263717308443,0.003819324,0.013908905,0.027508166513546678,0.001112001,0.018235037537241552,0.033627737097084526,-0.010660379,-0.004070457,0.006823675,-0.143668316,0.015331725,0.18068461885913578
1870,-0.020995216,-0.015528084,-0.01148446,0.004490801,0.013345744576091098,0.025726654244823052,0.003387696,0.012133957488882699,0.024251539349043463,0.017891341,0.0325525,0.050128343744623896,-0.009532585,-0.003726952,0.006036705,-0.124160982,0.027390903367050218,0.18158567975096573
1871,-0.018125062,-0.013433692,-0.009941644,0.001975669,0.010613082992452672,0.021284038259020976,0.000883305,0.009612867,0.020590651635469734,0.028064959495844755,0.042336198159783345,0.062593963,-0.011434916,-0.00357261,0.004531348,-0.123576615,0.035174851,0.1809100423031991
1872,-0.015196831,-0.011283959,-0.008376124,0.002778188,0.009879447,0.019048730121940055,0.001619527,0.008737999,0.018232238901051273,0.035104721,0.050955189459337205,0.073319461,-0.008350972,-0.002487721,0.00486203,-0.096235815,0.045293776,0.19782648476198322
1873,-0.012192026,-0.009071336,-0.006755443,0.003622916,0.009596172,0.017424109310789443,0.0023365,0.008480485,0.016192427,0.039303616,0.056070483,0.078690602,-0.005000926,-0.000891155,0.005081936,-0.088054713,0.052672907,0.20264552051917734
1874,-0.009074094,-0.006795631,-0.005079037,0.002083701,0.006660276,0.012343001321288308,0.001132284,0.005585009,0.011289104799858465,0.028887785254980994,0.044780117,0.064771298,-0.004864168,-0.001327136,0.003126177,-0.101749149,0.045190342,0.20617749688031523
1875,-0.005938712,-0.004486678,-0.003371846,-0.003201335,0.00372242,0.008812667,-0.004219134,0.002878567,0.007691516,0.035862248,0.052070252,0.071687839,-0.008662711,-0.00154234,0.002748229,-0.112709832,0.051646266,0.2082569526585618
1876,-0.002762648,-0.002107797,-0.001604258,-0.001728946,0.002635593,0.006529979,-0.002786588,0.001759684,0.005700315,0.038557555,0.056033505,0.078327842,-0.005087359,-0.000266179,0.003443674,-0.088979552,0.058605097,0.20310775529776523
1877,2.629581166761763e-05,0.000283388,0.000667527,-0.004811673,0.000950586,0.00409019,-0.006173626,0.000117008,0.003458824,0.036037707,0.054465362,0.078611188,-0.005624711,0.000403905,0.003837556,-0.112697486,0.059880343060768296,0.2071562317921275
1878,0.001894938,0.002744621,0.003926721,-0.008596679,-0.000749177,0.002027567,-0.009666047,-0.001446922,0.001621746,0.034814122,0.054744878776274646,0.079128922,-0.006636774,0.001081541,0.004529248,-0.101091506,0.060690297369825875,0.22178671918000822
1879,0.003754987,0.005244928,0.007300653,-0.013102927,-0.002751921,0.000538719,-0.013582106,-0.003175727,0.000598612,0.035706994,0.056273907,0.081649815,-0.008048356,0.00187896,0.005947892,-0.087679065,0.060869872,0.2138517437991472
1880,0.005657155,0.007793537,0.0107633,-0.020179876,-0.005651931,-0.000911971,-0.020418551,-0.005848271,-0.000750462,0.036430164436612816,0.057932508,0.084757136,-0.011420566,0.001830019,0.006688058,-0.082589075,0.060300859,0.21957333983292043
1881,0.007571434,0.010426330380776963,0.014314780163511037,-0.025737211,-0.008479331,-0.002488496,-0.025601922,-0.008749951,-0.002291904,0.033912808,0.0548631,0.082042906,-0.012135948,0.001598517,0.006930156,-0.092631607,0.056820643,0.20789855558414266
1882,0.009519591,0.013083748614481194,0.017922894006038623,-0.030003492,-0.01115665,-0.00349644,-0.029822127,-0.011095245,-0.003265527,0.035172836129805124,0.055852061,0.083537737,-0.013678139,0.001789824,0.007971133,-0.089176181,0.053816105778465045,0.21422007825633366
1883,0.011496282,0.01579882,0.021610746282698934,-0.031952349,-0.013388148,-0.004231384,-0.031811115,-0.013263172,-0.004171862,0.041101456,0.063195972,0.092865055,-0.012644341,0.002530013,0.008976329,-0.105344514,0.065340928,0.2169155777317069
1884,0.013543312785238959,0.018586897,0.025345296,-0.032409772,-0.014243847,-0.004691602,-0.031809306,-0.014565471,-0.004973239,-0.028502811,-0.003678463,0.037693601460733826,-0.00909013,0.004008035,0.010096238,-0.169945352,0.000997995,0.1547555066643868
1885,0.015600367666052134,0.021386361,0.029171216,-0.037020942,-0.016767854,-0.005571064,-0.036333829,-0.016270454,-0.005317642,-0.366882786,-0.24371973,-0.110241274,-0.010409928,0.00488804,0.012056034584703279,-0.457376643,-0.250557133,-0.038568559
1886,0.017654994453210504,0.024194919157355596,0.033070111,-0.041764225,-0.019161678,-0.00633522,-0.039706505,-0.017659631,-0.005226033,-0.367811092,-0.249506536,-0.161339198,-0.010516909,0.006479268,0.014436498139141885,-0.442757546,-0.240241076,-0.061306783
1887,0.019760643996170654,0.026989015,0.037015610450048364,-0.045372988,-0.020738302,-0.006707024,-0.042411433,-0.018468202,-0.005283457,-0.270411036,-0.174281292,-0.099381391,-0.009504899,0.008459881,0.016986238,-0.343510869,-0.168838693,0.005743107
1888,0.021861293,0.029901508,0.040961137,-0.051027585,-0.023471426,-0.007640289,-0.047221479,-0.020845279,-0.005771468,-0.194831887,-0.114937651,-0.058529227,-0.011407956,0.008820192,0.018427942,-0.274098129,-0.113356982,0.071566387
1889,0.024074152,0.032924437,0.04502207,-0.061861039,-0.02861892,-0.009486403,-0.057270517,-0.025627883,-0.007377673,-0.128408796,-0.060603164,-0.019838953,-0.016918028,0.007316056,0.019133461,-0.213243051,-0.054978391,0.088726914
1890,0.026282067,0.035921962,0.049116793,-0.066876466,-0.031154438,-0.010388108,-0.062125651,-0.028005557,-0.008530323,-0.076634653,-0.023842854,0.00932811,-0.017912458,0.007799656,0.020827219,-0.179573406,-0.020765331,0.1309868225913519
1891,0.028634558000106253,0.039054870096800455,0.053392181,-0.074861623,-0.035224854,-0.011929167,-0.070081364,-0.031945575,-0.00964871,-0.058590471,-0.023055855,0.000359225,-0.021775064,0.007314834,0.021868348573561194,-0.16947879,-0.021016555,0.12908437150507612
1892,0.031062888316394588,0.042320212236506866,0.057778524,-0.078630206,-0.036992037,-0.012240922,-0.0734945,-0.034026002,-0.010410592,-0.069341375,-0.038712913,-0.020697464,-0.021083024,0.008396046,0.023569110702874457,-0.185945721,-0.036856559,0.11515388043275929
1893,0.033532282,0.045643158463678196,0.062215901,-0.080489091,-0.038064614,-0.012713254,-0.076165427,-0.03531969,-0.010585335,-0.065582393,-0.039196116,-0.020537874,-0.019291289,0.010691472244121147,0.026141190545813688,-0.204668226,-0.037017805,0.11936907469725426
1894,0.036009456,0.049012204,0.066707945,-0.084368926,-0.039743845,-0.013199526,-0.079444344,-0.036935602,-0.011107731,-0.036742076,-0.011825823,0.008006944,-0.018231859,0.012422804512934371,0.02841518,-0.177133433,-0.007591584,0.14879268633569825
1895,0.038536415705788696,0.052415449,0.071322295,-0.092949912,-0.044493292,-0.014786969,-0.087252925,-0.04128957,-0.012484125,-0.006162148,0.017085096439423242,0.040006989,-0.021917855,0.012185304844812107,0.029701244755331806,-0.136155091,0.026227037,0.17397062792503568
1896,0.041106149,0.055914299715410946,0.076015084,-0.098534203,-0.047444348,-0.015920643,-0.093691728,-0.044314931,-0.013453005,0.014315904859359296,0.034377786,0.059222986,-0.023963305,0.012582461471938103,0.031481299230517706,-0.117742039,0.043569603159783026,0.2040379418052978
1897,0.043700594,0.059445781,0.080756096,-0.102128825,-0.049246171,-0.016893133,-0.097367258,-0.046092738,-0.014423609,0.024695098902849495,0.042935197,0.067574206,-0.022619197,0.013735548,0.033371695366177984,-0.107817248,0.051268225,0.215572257
1898,0.046311139,0.063052643,0.085574733,-0.110119713,-0.053185992,-0.018341442,-0.104315152,-0.049912487,-0.015426367,0.030615950303409023,0.047397679,0.071405403,-0.024909071,0.013999716,0.035199486,-0.10107094,0.062901626,0.2272451770295433
1899,0.048988523497801195,0.066696152,0.09048084,-0.117133743,-0.057364135,-0.019812749,-0.11073953,-0.053278425,-0.016467022,0.034085673,0.050676810205326744,0.075892589,-0.027770879,0.014019729,0.036860648,-0.109264716,0.066747942,0.22633736846014768
1900,0.051785649,0.070458927,0.095522142,-0.12735503,-0.063195834,-0.022416308,-0.120164848,-0.059613432,-0.018776271,0.035367788592843286,0.052619166593125793,0.078795102,-0.032595873,0.012227074639059976,0.037833691,-0.106188049,0.057379601,0.2322983468622448
1901,0.054677782,0.074316633,0.10069441921051109,-0.135018888,-0.068543225,-0.024119728,-0.127653336,-0.064328628,-0.020601656,0.035284979,0.054302956,0.080963977,-0.035896628,0.011341629585670338,0.038777106,-0.110397601,0.056305357,0.2166935837566485
1902,0.057610342,0.078215121,0.10596297890150255,-0.141720237,-0.072905735,-0.025757238,-0.13428518,-0.067864138,-0.021678146,0.035458722,0.055261091,0.082931177,-0.037445307,0.012024313597153412,0.040588739,-0.107153001,0.058488749782714525,0.2277072374171208
1903,0.060622518,0.082187676,0.11131518977628055,-0.147458859,-0.076154268,-0.027076549,-0.138825397,-0.07076066,-0.022258896,0.007404,0.024839738128304506,0.053600637,-0.03666402,0.013409368416090965,0.042805454439403326,-0.141695693,0.032616081160818156,0.20571216139676868
1904,0.063666492,0.086257184,0.11677917818847336,-0.153436726,-0.080158367,-0.028183815,-0.14308246,-0.075153141,-0.023050808,-0.134728027,-0.084079268,-0.02432116,-0.038498988,0.014136539,0.046112718564123495,-0.255654551,-0.07521737,0.093569465
1905,0.066757214,0.090431246,0.1223558133456013,-0.162771854,-0.086509133,-0.030583049,-0.151447908,-0.079727495,-0.024440271,-0.127522626,-0.083820144,-0.047403663,-0.041241499,0.013521952,0.047409935,-0.257550873,-0.073825639,0.087006367
1906,0.069880328,0.094688191,0.1280584553610205,-0.172904763,-0.092849235,-0.033421546,-0.160452412,-0.085472772,-0.025953458,-0.070857446,-0.037483609,-0.004097463,-0.045391784,0.012570718,0.049029744473280734,-0.218509409,-0.027181328,0.13004756498235093
1907,0.073063575,0.099014239,0.13387888710939402,-0.181496948,-0.098397989,-0.03513681,-0.168706352,-0.090935762,-0.028165996,-0.023779001,0.005973762,0.036032003236682236,-0.049370284,0.011647364359491562,0.050820632434136204,-0.154943021,0.019325661,0.1738646169208552
1908,0.076404684,0.10352861200907865,0.1399093742662595,-0.196592175,-0.108904401,-0.039591524,-0.18538199,-0.099871082,-0.031444792,-0.007791104,0.006263611,0.026124313,-0.057165364,0.007277334,0.050873670301222265,-0.160314625,0.010864140396870503,0.16905344431922292
1909,0.079850518,0.10812025,0.14603028187659023,-0.206430716,-0.113806767,-0.042543348,-0.194280644,-0.104647773,-0.033567872,0.007872237,0.020944165,0.043358419631420425,-0.060062142,0.007149148,0.052767015360776964,-0.149266631,0.032712255,0.18394472804531398
1910,0.083338016,0.11280195380066049,0.15224584286898357,-0.215741139,-0.118977266,-0.044312254,-0.20200561,-0.109218868,-0.035255216,0.022178312,0.037636834471506654,0.063028416,-0.062293941,0.007192326,0.054982231414488214,-0.143912352,0.041318038070120494,0.2087827091556153
1911,0.086784575,0.11749612309368788,0.15855009790131852,-0.227733843,-0.125922332,-0.047251815,-0.212746315,-0.115894706,-0.037501728,0.031036979208313567,0.046611473,0.07418671,-0.065996647,0.005869258,0.056378498,-0.126099357,0.040101384986187136,0.2257211948079238
1912,0.090253707,0.12222812025844981,0.16490415699293243,-0.233628928,-0.130688049,-0.048190593,-0.218467204,-0.119582451,-0.038530074,0.033481355453689576,0.050091234,0.078629765,-0.067676828,0.007715091,0.059684799,-0.131439844,0.04704064,0.2242547941445814
1913,0.093802117,0.12700377099832508,0.17131455855879069,-0.239347308,-0.134929625,-0.047925488,-0.223883531,-0.122344461,-0.03853643,-0.053091401,-0.024047766,0.014178154743265864,-0.067358801,0.008881787,0.063492545,-0.200923626,-0.022142558,0.15634401772988155
1914,0.097431171,0.13182443240453934,0.1778615920892516,-0.248949849,-0.140668581,-0.050193758,-0.232685294,-0.127651002,-0.039611772,-0.088172239,-0.057227239,-0.02351199,-0.070400564,0.008781111,0.065240448,-0.234893946,-0.06139075,0.1206391431407048
1915,0.10096670032755634,0.13655088327123127,0.18437877777533734,-0.254476752,-0.142824001,-0.051994636,-0.237077239,-0.128651187,-0.040471998,-0.057295169,-0.033057363,-0.007737654,-0.067854978,0.012273163953726074,0.068582186,-0.210217686,-0.02614636,0.1531712931822804
1916,0.10434223017566979,0.14124295461479994,0.19084430944851016,-0.257199216,-0.142265192,-0.050942845,-0.237525567,-0.128235376,-0.03971774,-0.015880461,0.006987714,0.034950358235245865,-0.063404362,0.016977317239781617,0.074022943,-0.157062076,0.017450906334833746,0.19616908607317526
1917,0.10783511517781129,0.14603271671840995,0.19737930348794366,-0.262860635,-0.147300082,-0.051976315,-0.242743632,-0.132737801,-0.040687075,0.015674872644592316,0.036939279,0.067482279,-0.062877125,0.018125134,0.076474137,-0.127740727,0.046637662,0.22324957845273768
1918,0.11134791120198556,0.15079230704503596,0.20401058796998375,-0.273720896,-0.153683638,-0.054313743,-0.252564382,-0.13883911,-0.041731132,0.037072983,0.057903952,0.090385183,-0.066557882,0.018161820641387827,0.078605924,-0.120218225,0.072495298,0.23604967629057866
1919,0.11486298196617238,0.15562054045253393,0.21066576857016073,-0.280905879,-0.157393845,-0.055651499,-0.259899844,-0.142190568,-0.042928905,0.048153628,0.071481333,0.10732936822374907,-0.066046,0.018806605129213075,0.080971251,-0.095142582,0.087746005,0.2510506584151292
1920,0.11826752618702646,0.16037337399752014,0.2171660638739821,-0.278059089,-0.152089175,-0.053904495,-0.255604292,-0.137211388,-0.042293084,0.05379654,0.075647685,0.11247280600704898,-0.056555842,0.026632782551755635,0.085687478,-0.089724227,0.095989558,0.2693657188006849
1921,0.12172183763347785,0.16520002690617908,0.22381655854564422,-0.285335247,-0.155864996,-0.054892596,-0.260054666,-0.140505137,-0.043068703,0.051792878,0.075414732,0.11232188404601709,-0.055327532,0.029433086,0.0879784,-0.073265107,0.094880757,0.2691698362291015
1922,0.12516891179767134,0.1700244650466145,0.23041453869435602,-0.278851658,-0.149049792,-0.051220317,-0.254325872,-0.134032164,-0.040588296,0.049601364,0.074386034,0.11084654728275137,-0.044524653,0.039931456,0.095419954,-0.066859238,0.10423601878599324,0.28388617687868317
1923,0.12860377450303576,0.17483312859696443,0.23706250015076605,-0.276372807,-0.146390567,-0.050541244,-0.251787279,-0.13212473,-0.03790647,0.031172628945799002,0.053044596,0.087290683,-0.036856598,0.04709196,0.1020843733426174,-0.076393546,0.09875325,0.261307835
1924,0.1321812201985353,0.17972226495368465,0.24393499943344576,-0.289625835,-0.153801842,-0.052083655,-0.264623798,-0.13845126,-0.039607416,0.029331261897068486,0.049097772,0.081619484,-0.040557704,0.046759155174985384,0.10275687700644381,-0.092271238,0.091558679,0.2765106790018895
1925,0.13602973463089713,0.1848401346745536,0.25095069963369415,-0.296209488,-0.156447824,-0.052784052,-0.266563483,-0.140470705,-0.040340035,0.03712965,0.058202814,0.09505427,-0.039709619,0.049781109095061074,0.10870372040526882,-0.069773835,0.10646043866976837,0.2723746540627101
1926,0.13999055786421244,0.19006906420144135,0.2580849838598896,-0.300373626,-0.158322385,-0.053332111,-0.271510685,-0.141737571,-0.039788776,0.04448351,0.067243457,0.10583714277723391,-0.036653874,0.053261515651913505,0.11302697527132893,-0.057046651,0.11776131374783257,0.3002723074380501
1927,0.14394059398346495,0.1952488374651536,0.2651949642491666,-0.304270122,-0.160390361,-0.054140587,-0.275149089,-0.143935501,-0.039947335,0.051599077,0.07691139,0.11653672013005785,-0.033546779,0.057081713789559195,0.1166663747479533,-0.036690473,0.13692270548183438,0.3042408330434429
1928,0.1478470963448403,0.20058202144185316,0.2724450568286083,-0.311756276,-0.165982694,-0.056076845,-0.282321612,-0.148429384,-0.041526019,0.057986748,0.085976773,0.1274200968795468,-0.034079006,0.057862660886237344,0.11918965287470829,-0.032637697,0.13558146375486596,0.328383704
1929,0.15170105087961738,0.2058756193307768,0.2797486338331544,-0.316193458,-0.170256207,-0.057868345,-0.286370158,-0.151424226,-0.043184779,0.056599403,0.084432335,0.12644462924124733,-0.032143473,0.060120663,0.12210607274971763,-0.025403211,0.14924001451903895,0.3187305362587669
1930,0.15572087091084466,0.2113230709983106,0.28708784800858933,-0.325201988,-0.178086613,-0.060893548,-0.296055179,-0.158054861,-0.045350988,0.032460592471446975,0.056707092,0.097192144,-0.03203872,0.059610198582425805,0.12383868302960432,-0.047977655,0.10809522715098689,0.2790133430638687
1931,0.15965853312551562,0.21681433740063333,0.2943316607408989,-0.330048959,-0.18097198,-0.062936203,-0.299941872,-0.159310482,-0.046265046,0.046955335,0.071968671,0.11249508445654177,-0.028454564,0.062131292313355846,0.12757852531546574,-0.028678961,0.1337747307048483,0.3011713763254285
1932,0.16342588516545525,0.22220524785430074,0.3019056165449021,-0.319804169,-0.172962786,-0.058924494,-0.290981111,-0.153570791,-0.042929576,0.052721233712493876,0.078969714,0.12185973705115782,-0.01357281,0.074377214,0.13568499560739866,-0.024061998,0.14891385019898398,0.3389454587421817
1933,0.1669846828426737,0.22741119897611703,0.3093090196533873,-0.311852283,-0.165634639,-0.055892461,-0.280119466,-0.147017707,-0.039953658,0.030944639,0.05471832,0.098092361,-0.001085923,0.086568218,0.1429903972153692,-0.029065583,0.13552254080671214,0.31483006654973916
1934,0.17064536048932155,0.23261991053220588,0.31662430926253315,-0.310572579,-0.163346758,-0.054774257,-0.276990475,-0.144707786,-0.039137215,0.035432761,0.059291616,0.10027626850704885,0.00981497,0.093346515,0.14790863391249615,-0.026436294,0.1491942212304873,0.32119871443279097
1935,0.17441786255912903,0.23798502941995514,0.32397063134186344,-0.318300152,-0.168734533,-0.056821362,-0.284132554,-0.150005303,-0.041028673,0.043480589,0.069289792,0.1136395730123903,0.011208124275570608,0.0944129,0.1494958979655536,-0.006762759,0.16661097015327836,0.33395213202605306
1936,0.17841297167264686,0.24332254370830023,0.33143914873280783,-0.326949283,-0.175938528,-0.060261259,-0.293163527,-0.156263659,-0.043671462,0.05112704,0.078899229,0.12497723754609429,0.00992758,0.094717185,0.15204244844190673,0.000665806,0.1717145090818729,0.33970556897437953
1937,0.18251845697810284,0.24882769969167942,0.33918917783897884,-0.341292779,-0.186838655,-0.064281182,-0.307754965,-0.1640617,-0.046364602,0.061917859,0.091922792,0.14159935403711876,0.004853219,0.091491221,0.15235035853113257,0.011643243902867528,0.179367158,0.3682613670594076
1938,0.18686946342069669,0.25456123287176613,0.3474044629290777,-0.353103473,-0.196121133,-0.067676506,-0.31839945,-0.171817681,-0.05021261,0.068479662,0.10064087880685546,0.15039392128976736,0.00044624,0.090496994,0.15494501386303908,0.021099810997076834,0.19688768223966502,0.366077872
1939,0.1910821312040491,0.26040927457251944,0.3554599677904131,-0.351472629,-0.195814773,-0.067640952,-0.318429605,-0.170915995,-0.050037527,0.070419048,0.10518465139670162,0.15710970362260246,0.008153736,0.095635098,0.16077505653074703,0.040089603,0.20576395375099016,0.3841439708365625
1940,0.19552822707498102,0.2664276141379681,0.363405351,-0.361664143,-0.202600514,-0.070013875,-0.327389043,-0.176909185,-0.05208547,0.072050541,0.10788582051950381,0.16084111246615757,0.007640966,0.096492846,0.16302066604665028,0.028522976519236357,0.20788116016817698,0.384628535
1941,0.20020261044923593,0.27254948631515824,0.3715566701875851,-0.372590291,-0.211000734,-0.074348882,-0.335833196,-0.184916408,-0.054539843,0.071160144,0.10729172331145972,0.161397817,0.005394321,0.09450649,0.1640656412589827,0.034208958528482256,0.21295735071275507,0.3862281616764724
1942,0.20501642180588814,0.2789429341706727,0.38001082488292187,-0.384184655,-0.21738271,-0.076678138,-0.344850401,-0.191356271,-0.056650052,0.069141322,0.10520599950771414,0.15959735571994083,0.004653284,0.095009707,0.1679452273944837,0.044233748,0.21090537083591637,0.39089937791591606
1943,0.2099335545643175,0.28549035254583016,0.38867035844974474,-0.395383801,-0.225621856,-0.079820352,-0.3563694,-0.198892245,-0.059649164,0.066858632,0.1019143440178891,0.15524669928007784,0.001434925,0.094609318,0.1698001234043137,0.032029383,0.20735213555504967,0.4019990724807625
1944,0.21483533057185303,0.2921284413375089,0.39759504080214547,-0.40550241,-0.231361024,-0.081724571,-0.363254716,-0.203737801,-0.060845395,0.063554605,0.097518961,0.15060936570333228,0.001599873,0.096028748,0.17365570699497052,0.022219995,0.20610326340939833,0.38993711564386896
1945,0.21990982622694716,0.2988873869101978,0.40668065986011664,-0.412279787,-0.234912485,-0.08275366,-0.369493239,-0.205926373,-0.060919623,0.061915834272177256,0.095757411,0.15034033953127746,0.004817955,0.10013474569169334,0.1787467217963038,0.033627201646500286,0.21365084936149606,0.38701855004328234
1946,0.22477729515457923,0.30543531218854447,0.41571177120059244,-0.40645134,-0.228156327,-0.079834494,-0.36334157,-0.199322138,-0.056663142,0.065850216,0.10050018329959977,0.15594368521295754,0.018810626,0.1134524469314537,0.1885894177545156,0.044134312,0.22609308999648386,0.4120633742377374
1947,0.22951725717883426,0.31217968655398165,0.4247910510370165,-0.401058351,-0.223822011,-0.07780377,-0.356812802,-0.192917668,-0.054232237,0.06998733,0.1060494541490582,0.16309799398329014,0.032546057,0.12529407772425796,0.19800991146694416,0.05297242,0.24074356486024434,0.43184695772869935
1948,0.23456189814725426,0.31915560757140865,0.4341109451502302,-0.402413846,-0.226578447,-0.078834863,-0.357950163,-0.194745275,-0.055834429,0.077271923,0.11532445742150034,0.17738860207275234,0.040150539,0.13144552681186006,0.20380783176825754,0.070725652,0.2542538506623762,0.4287059060905432
1949,0.23976873304165508,0.3263786186883124,0.4438037338866031,-0.406577999,-0.232736204,-0.081791601,-0.365905219,-0.200396835,-0.058396918,0.082639377,0.12339352199850306,0.18783915244513835,0.041446338,0.13350661805438424,0.20756280442414538,0.086635719,0.26360895479744373,0.4388319115069659
1950,0.2448844003822206,0.333666391,0.45368529267236163,-0.415197899,-0.236140363,-0.082509161,-0.37146274,-0.202701746,-0.058615968,0.084442786,0.12683460776693145,0.19273908939411427,0.047458863419936465,0.13865081811366256,0.21288428555215438,0.099751895,0.2705472432804275,0.44961346421576126
1951,0.25058314379957386,0.34141886334221383,0.46421767991499724,-0.434826153,-0.245010232,-0.087012214,-0.384159632,-0.209599904,-0.061351505,0.08152514,0.12443691678111193,0.18867496079563584,0.045895822,0.1381454148236605,0.2152320211804404,0.096264468,0.2718046700932577,0.450777671
1952,0.2567297760392774,0.3496927897797805,0.47514751904233277,-0.434695545,-0.250029938,-0.088282981,-0.386755566,-0.213527017,-0.062896152,0.075614226,0.11682187648281234,0.180414505,0.048695157,0.14373238002511673,0.22134723482793311,0.087663098,0.2680231262825027,0.4405053192807051
1953,0.2631306853497509,0.35813033994320276,0.48621424640241295,-0.444322779,-0.256482595,-0.091162484,-0.393707437,-0.218485482,-0.066349643,0.072512842,0.11233766015418206,0.17588215348548186,0.051673494,0.14721710438944186,0.22688305142500015,0.083789098,0.26497431846585134,0.43941075771342686
1954,0.26980290059941636,0.3667786625784567,0.49779610739173685,-0.458161931,-0.263509265,-0.095162137,-0.402986975,-0.224714687,-0.067822191,0.069644698,0.10811357356994347,0.1713763409276124,0.052948424,0.15022961303884275,0.23115458476597978,0.072677246,0.26812197842697905,0.4350730762845043
1955,0.27661918080293696,0.3759996297003254,0.5099103176104898,-0.470837298,-0.270990722,-0.09770913,-0.410672813,-0.230909634,-0.068796072,0.067168501,0.10576918425214396,0.17107807240458617,0.056435231103135974,0.15323118465375868,0.23839591960056072,0.085309421,0.25796942405900514,0.45142160930674524
1956,0.2840313453038366,0.38545148889748215,0.5225684878298038,-0.48553949,-0.281712156,-0.102190291,-0.421857078,-0.23753259,-0.071618566,0.069310467,0.10851608504614295,0.17473266320931924,0.052701731,0.1554647905932999,0.24224650587960178,0.077250753,0.26439276253223903,0.44676467617075627
1957,0.29210808029933416,0.39530460482488095,0.536020126,-0.511317927,-0.296792459,-0.107280551,-0.440429558,-0.249849363,-0.075903642,0.078196959,0.11868273863313973,0.18559874712452645,0.048331067,0.15247917207716752,0.244459959,0.093670801,0.27682769162448495,0.4597041737289488
1958,0.3005324638304288,0.40585308518216356,0.5500462524470326,-0.537452167,-0.311970507,-0.113364953,-0.46404466,-0.26154096,-0.079203241,0.087917857,0.13315680398084584,0.20526890673121828,0.044999610903435655,0.1508449051728138,0.2495143493661985,0.1261026393509333,0.29555376808937794,0.4734768367601891
1959,0.3088556278192379,0.4170044247926853,0.5646191981325381,-0.548268439,-0.320031952,-0.116716837,-0.4734564,-0.26811137,-0.080226895,0.09406933,0.14260714908396993,0.21722631643788273,0.047235587,0.15642566879422543,0.25681891009099284,0.1295650901700923,0.3079526458341116,0.48183028737497174
1960,0.3175660823385241,0.42881968259526115,0.5797390000366042,-0.561726746,-0.329167261,-0.120135017,-0.480322846,-0.274776019,-0.081032357,0.09483843,0.14424306595706943,0.2201521697065622,0.049929113,0.16194459174885287,0.2673645399459316,0.1378838482456372,0.3183102881585731,0.4919948820404408
1961,0.32654587209405805,0.44063435972794784,0.5953350697917301,-0.577903528,-0.34175993,-0.123276897,-0.497505876,-0.283649091,-0.081910794,0.092640284,0.14224598288435314,0.21890490871995638,0.047315857,0.16525780690699382,0.2757920646059169,0.1372512519533302,0.322189622,0.5036999183725863
1962,0.33588855817786134,0.4524944032050603,0.6105223462039716,-0.597438693,-0.353763736,-0.130364891,-0.50883553,-0.293672836,-0.086687987,0.086003306,0.1333410851571556,0.20979049240418923,0.047027212,0.1676088847548649,0.280646267,0.13256983959614033,0.3105311477017704,0.5009348700203037
1963,0.345228421,0.464782213,0.6258382101989881,-0.615114476,-0.362469104,-0.133991869,-0.521441772,-0.299910285,-0.087389498,0.0553031,0.09734864,0.17188318727996243,0.047904571,0.1732439220237956,0.2905209893783723,0.094830763,0.27717329563203064,0.4711340816200735
1964,0.35426534033294754,0.47741015757614413,0.6416716201046218,-0.639980548,-0.378409459,-0.140910015,-0.539204993,-0.312532006,-0.091561145,-0.111685284,-0.041205558,0.054283103,0.0482097,0.1741684049554627,0.2932520288379634,-0.037896872,0.13800192207881157,0.3356304688141646
1965,0.3639841736236783,0.49026646072497504,0.6580269886647767,-0.652868006,-0.385768438,-0.145824856,-0.552064472,-0.317407371,-0.093154735,-0.170971884,-0.092642526,-0.012025567,0.051098904,0.180852505,0.3050899070011826,-0.114537415,0.092406026,0.29626826631368325
1966,0.37396379775084987,0.5033708395478258,0.6756481933610886,-0.668601292,-0.398000808,-0.149122163,-0.567015603,-0.32458496,-0.09484043,-0.151551831,-0.080696039,-0.012055359,0.054158332544349236,0.1874839286931685,0.3162959876284857,-0.087476067,0.11635159724358028,0.3100263316757022
1967,0.38426985715455547,0.5170068299941357,0.6937849732792818,-0.682369716,-0.40818013,-0.150169283,-0.58178189,-0.329239594,-0.095728368,-0.076509153,-0.015077243,0.053939664020499004,0.056698773,0.19489695702831636,0.32754613942359684,-0.019497662,0.1861991056760126,0.3871532148560819
1968,0.3944792961070024,0.530903371,0.7125364107160068,-0.699256367,-0.418068548,-0.158001432,-0.593502658,-0.336238299,-0.097728315,-0.05355162,-0.008843587,0.050394077,0.062888325,0.20216989761719673,0.33584409076668476,0.008303822,0.20461835128479158,0.4053882713629129
1969,0.4050130457344998,0.5458589962124584,0.7312623948027457,-0.717230851,-0.428601198,-0.16009813,-0.605618694,-0.342706516,-0.100083577,-0.03352711,0.008848646,0.066849852,0.067975703,0.20960374384080846,0.3493014380331628,0.027971481082509395,0.22688152467948264,0.4223439974499778
1970,0.41657984566931755,0.5609765952967982,0.7505409580672555,-0.732894064,-0.4384427,-0.15947912,-0.617814838,-0.348819677,-0.099360819,-0.007623555,0.031966699354689654,0.089438086,0.073827007,0.2191649558109723,0.36413430657032503,0.06631097,0.2665066231949562,0.4589940092396116
1971,0.4284228644205773,0.5765716521649578,0.770567273,-0.761508879,-0.453459382,-0.164908901,-0.637231424,-0.361782722,-0.102169199,0.009264324,0.044764226,0.10147832756974887,0.071341717,0.22308920665847962,0.3739062759851064,0.076480028,0.27364143670776514,0.4778554263032331
1972,0.44090084158865805,0.5927393124232583,0.791300365,-0.782223173,-0.464886965,-0.170460749,-0.653920323,-0.369918271,-0.104611007,-0.001450629,0.030430908,0.083923782,0.074630162,0.23129163438029626,0.3854866774873635,0.065913846,0.27798751192446003,0.4716661321448855
1973,0.45388680632180745,0.6095660280508807,0.8140109169292804,-0.81495059,-0.479974241,-0.19098794,-0.679636848,-0.383811335,-0.110929844,0.007101572,0.036817067304639295,0.092243346,0.078916142,0.23296607988835144,0.3891018904881066,0.071612613,0.2888245032703511,0.49655036029792743
1974,0.4673984440048937,0.6272044568709674,0.8368593358399329,-0.835495191,-0.493576458,-0.186059693,-0.698175725,-0.392982507,-0.113030242,0.024938546983326537,0.055543301,0.11359966341343386,0.083015282,0.24393479720571848,0.40527323875733656,0.10691876872618629,0.302774018,0.518236943
1975,0.4811542898355613,0.6459527814260992,0.8603858769151316,-0.85084938,-0.501855643,-0.186977588,-0.706188838,-0.399045224,-0.11244858,0.019978888,0.046849725,0.10490517304353042,0.092822907,0.2555092378073734,0.4195957164775115,0.11100053732798101,0.3181349363015967,0.5306311162891092
1976,0.4951357827946282,0.6639520635924535,0.8837236543002731,-0.860352846,-0.508485565,-0.186526504,-0.70863308,-0.400342284,-0.111376004,-0.021559107,0.009957534,0.065729706,0.10819834494939785,0.2704721133667284,0.43754641391239707,0.081581719,0.2936109529384155,0.49951432266758083
1977,0.5093661452661089,0.6824995204180927,0.9092679909390224,-0.882262755,-0.520889515,-0.191935849,-0.726975432,-0.410099095,-0.112426482,-0.004361878,0.019809008700903602,0.077289692,0.1158652777698022,0.2789351455851592,0.4491131429625313,0.10139543590753157,0.3253330990580927,0.5215125841865975
1978,0.5238557860117644,0.701876461,0.9350366497139544,-0.901531132,-0.531895058,-0.196249188,-0.737649199,-0.418283137,-0.11445886,0.017745388975444976,0.043838699,0.10165713079090116,0.1257674740870068,0.29018740641727225,0.46204703601299535,0.13211705050524863,0.35556410028627905,0.5598461421183945
1979,0.5382497058673352,0.721179318,0.9605299878014377,-0.924952336,-0.543216942,-0.20259583,-0.755728682,-0.425380229,-0.117320619,0.037473106,0.067414847,0.12760871715274735,0.13928154373880475,0.30201475893668434,0.4762050192226608,0.1704940147498442,0.3861474783390011,0.5952598564518629
1980,0.5527505941836015,0.7409118953997864,0.9861444560023053,-0.944300346,-0.553082592,-0.208070238,-0.777756331,-0.431953564,-0.118787169,0.051332330052666186,0.085235807,0.14714477500990442,0.14889418450998104,0.3142141279677001,0.49026865201222464,0.19736873031455843,0.4125055587888541,0.6378979751424658
1981,0.5671977772504697,0.7603971771018101,1.0115619444584056,-0.957758122,-0.561711826,-0.211360815,-0.787510096,-0.437034948,-0.11836274,0.053959080205033705,0.089121661,0.1494261249161267,0.1613720347783933,0.32666004001294524,0.5039462499214743,0.23753920513154034,0.42589664681326994,0.6553825157258593
1982,0.5814111154915005,0.7788071018740326,1.0361402337952423,-0.960658543,-0.563715996,-0.208238686,-0.7838501,-0.436798209,-0.118102259,0.052315091579140605,0.087810844,0.14714245504012022,0.17933377703813036,0.3459108599111071,0.5199488911315918,0.25440090940211685,0.44923787097032897,0.666730423
1983,0.5955486056352282,0.7975312581628461,1.0623033488208928,-0.976099583,-0.574049834,-0.217565711,-0.805921664,-0.442799826,-0.123376151,-0.00312199,0.036126195497615476,0.096559866,0.19263855816002792,0.35706674867894006,0.5287239098814155,0.2091938046744069,0.40812248863333966,0.6244276835393133
1984,0.6096811504767735,0.8171383473530505,1.0875579398857647,-0.971334441,-0.56810456,-0.211068598,-0.788259117,-0.435904309,-0.118221615,-0.118479091,-0.053282538,0.015967275729973085,0.21807451875891964,0.38215206990742223,0.5498186939761363,0.15345306079806773,0.3418191150445653,0.5578260780555699
1985,0.6238253997806851,0.8361994479838638,1.113224905,-0.977994982,-0.571136508,-0.211582601,-0.795240769,-0.437804051,-0.117374471,-0.112445318,-0.054918364,0.001236349,0.23759543311096462,0.4008228203846933,0.5683988142031718,0.15062480572085324,0.35685220605781676,0.5649985813177706
1986,0.6385580564662104,0.8565857250710348,1.1393222847979658,-0.990671896,-0.573907178,-0.213287853,-0.806532094,-0.441574719,-0.117885693,-0.068710724,-0.02376017,0.033301129,0.25681608079797125,0.41838103226390283,0.589071403,0.20072979140002756,0.40796593507900847,0.6054873528951181
1987,0.6533839346634407,0.8774381103775504,1.1663757418617795,-0.99869421,-0.57806912,-0.214002488,-0.815553205,-0.443245234,-0.118462281,-0.044932536,-0.007477923,0.047043692035314444,0.27327026939507626,0.43714815287192704,0.6071174713535427,0.22913925115419248,0.43994396041147976,0.6522365036085694
1988,0.6686997333222022,0.8987504828422256,1.1946430842594538,-1.01064785,-0.591318783,-0.218188709,-0.826623486,-0.450017192,-0.117409806,-0.022318189,0.011758591955105313,0.067650589,0.2828805572723983,0.4499749669609959,0.6211550695264291,0.254816388,0.476361555,0.6908358914020155
1989,0.6842591972053517,0.9201390387550773,1.223160010016597,-1.026832908,-0.598470297,-0.220672692,-0.833626062,-0.45600739,-0.1165372,0.004060892,0.036513678,0.092743968,0.2970351978718543,0.46541626707337785,0.6384433788357539,0.315433689,0.5176694348041533,0.7273536450102958
1990,0.6997939828961571,0.9419423908188052,1.251976312510142,-1.033940245,-0.600097398,-0.221040352,-0.842315211,-0.457699035,-0.113878774,0.029503258,0.065459706,0.12231351693899856,0.3182160511638656,0.48365535339998444,0.6578833818510996,0.3488728115770715,0.5605931474104413,0.7725868622266048
1991,0.715263421,0.9634943265142607,1.280616707920574,-1.050509682,-0.606966201,-0.222934851,-0.853786577,-0.463040767,-0.114696291,0.045452632,0.081917188,0.14135001276504772,0.33664103916877464,0.5008156928722289,0.6773552117097971,0.40404659752038863,0.5976839662356502,0.811399326
1992,0.7304061777251333,0.9840309033118815,1.3085668154053396,-1.088790615,-0.623350821,-0.227022475,-0.887047117,-0.475554007,-0.122036556,-0.055705281,-0.001015934,0.058301961,0.34147805442960777,0.5083727625378694,0.6762705937040442,0.31611587835023625,0.5210836820060386,0.7343741543616187
1993,0.7446437911276931,1.003353382554877,1.3345457879731786,-1.075399094,-0.616792966,-0.221668588,-0.87292762,-0.466895793,-0.113756837,-0.344268641,-0.216316837,-0.089229083,0.37269765136509675,0.5369048210346538,0.7042408565830459,0.11234241716501467,0.338550388,0.5759276046865415
1994,0.7585993988389648,1.0224192263877914,1.3591569969105801,-1.071184711,-0.613926796,-0.21823962,-0.871283582,-0.461741775,-0.110159806,-0.339658613,-0.217619324,-0.121950286,0.40299309263663446,0.5596900915369949,0.7251033681432573,0.1309373722729584,0.3492717889165411,0.5724434013937135
1995,0.7727400509599529,1.0406048861026045,1.3834114227087366,-1.101258192,-0.61901246,-0.218970526,-0.891587262,-0.468178596,-0.11216481,-0.232436479,-0.129711075,-0.048165023,0.4173352742968902,0.5754800957297116,0.7376890215035348,0.2330926079364818,0.45776925654498757,0.6881948925549333
1996,0.7862297444489108,1.0585759301952287,1.4073826863349588,-1.10148202,-0.614584567,-0.214390343,-0.883489857,-0.46049791,-0.10885477,-0.140070537,-0.059638742,0.006736599,0.44662765564022966,0.5992073510298329,0.7574376041187276,0.32338969206874696,0.551412262,0.7623692543287443
1997,0.7993275847054062,1.0767802015730528,1.4329369971292332,-1.099945085,-0.606652037,-0.210267627,-0.873017818,-0.453747605,-0.101312568,-0.079781607,-0.016770021,0.041121296,0.4787953229090554,0.6243700864703723,0.7813201641527001,0.4022404831880757,0.6206672152390782,0.8170737985597643
1998,0.8127986015705582,1.0956838680429748,1.4604547346454357,-1.136616473,-0.623934063,-0.218520533,-0.910800887,-0.461982078,-0.104456715,-0.035663362,0.012918156383448731,0.066109628,0.47033907515835227,0.6338376533193864,0.7915976004355549,0.442455938,0.6550066331983264,0.8684390194839027
1999,0.8258238953688768,1.1148734594063374,1.4856107310428073,-1.165319286,-0.633132482,-0.220768116,-0.929223082,-0.465482712,-0.103657284,-0.006752821,0.037560864,0.087935526,0.4669157798348701,0.6472334987009767,0.8061553086135119,0.471135186,0.6869343741010883,0.9051808681099041
2000,0.838584048,1.1333092063837578,1.507396581684567,-1.136844392,-0.615106256,-0.210783902,-0.902680908,-0.45208487,-0.101092076,0.019235895,0.058182525,0.11024694273130009,0.5104246903245585,0.6800407161139198,0.8293953454961032,0.5312344156746506,0.7421490675189448,0.9518982301568631
2001,0.8511651349876659,1.150384178352792,1.5319622917974836,-1.10197471,-0.599833728,-0.20456391,-0.875936426,-0.438266055,-0.092923214,0.037249393,0.076428034,0.13074548988475065,0.5570659163849716,0.7119513135715245,0.8541879637022494,0.5969910639612478,0.8018506798781332,1.0040607830597077
2002,0.8644983293481547,1.1679385910135849,1.5562040242542148,-1.090532322,-0.594038294,-0.202167792,-0.867901116,-0.43089344,-0.089864465,0.0487952,0.087959874,0.1412225784423652,0.5870871523807963,0.7374015470226263,0.8768292838310305,0.651962233,0.8442686962895423,1.0411073879354713
2003,0.8790971598798959,1.184692299321419,1.579473699336209,-1.110391514,-0.600813628,-0.208651275,-0.883218907,-0.436962894,-0.090679009,0.059134583950021136,0.096769025,0.15262834951639237,0.5897125181623784,0.7500944559062847,0.8886177130844567,0.6548928939069901,0.8540313930562922,1.049336492952253
2004,0.8939237616569069,1.2018764265820356,1.6015430936209096,-1.133858525,-0.610173739,-0.214192369,-0.907994193,-0.443783058,-0.095961442,0.057400335,0.093787754,0.1487503850721098,0.5967725939180952,0.7599621263630376,0.9014501967194992,0.6550527099412076,0.861915306,1.0496174253041826
2005,0.9064468083184314,1.2203869817102602,1.626224068021713,-1.143539736,-0.615651503,-0.215139042,-0.910343866,-0.447381595,-0.096081976,0.056017338,0.090594706,0.14447931013968207,0.6126549502853956,0.7761336239033717,0.9168878795255886,0.6812407858361585,0.8679257958671414,1.0663502474625086
2006,0.919032302,1.2390485291788749,1.6512978408748227,-1.158727386,-0.625892235,-0.217122818,-0.923002843,-0.453050249,-0.098442357,0.050217268,0.082925569,0.13638593119517795,0.6262385943874589,0.7888934093090622,0.9323049323430455,0.6877686305616192,0.8802997918241146,1.0764516770892902
2007,0.9319461845786305,1.2580746141686872,1.6770791180225686,-1.177761623,-0.635397848,-0.221208727,-0.937910404,-0.46015037,-0.100464225,0.045772891251720904,0.076776604,0.1311023014720777,0.6365520200426075,0.8011636098960223,0.9464767463009057,0.6877159303750056,0.8876165704910475,1.0774325684041035
2008,0.9448799590344048,1.2769086972069783,1.7039646007022207,-1.184196551,-0.638338134,-0.220602588,-0.941089763,-0.461008835,-0.098847198,0.041552243251768095,0.06968554,0.12492258787941668,0.6540375990738917,0.8189677653775997,0.9637369031054801,0.6937903523652583,0.9000161734727218,1.090779992858918
2009,0.9578837417606247,1.2962988359501875,1.7290612388513957,-1.179267123,-0.636367944,-0.218365364,-0.92987367,-0.457247617,-0.093407685,0.041489096,0.068056731,0.1232116080220097,0.6809537684358143,0.8439216249769714,0.9917070644479068,0.7202145117968506,0.9241463855543658,1.1184355238458277
2010,0.9714516208920709,1.3156659440072507,1.7554053753690153,-1.165435226,-0.624119365,-0.215037976,-0.921585312,-0.447328537,-0.087084106,0.038400531361104995,0.063816387,0.11805982058959319,0.7103059417798289,0.8711233599044165,1.0160709851268221,0.736077738,0.9487382754389754,1.1448980422846573
2011,0.9851784691441556,1.3342429632263435,1.7828868204878416,-1.170455126,-0.6220587,-0.214011839,-0.915792247,-0.442821733,-0.082201097,0.042831268,0.068715803,0.12452896114115208,0.7292704059279541,0.8939993276835503,1.038432803293809,0.7553214698666182,0.9779365722070843,1.169959859
2012,0.9991119698322533,1.3536799581022825,1.8106302884451693,-1.167442175,-0.61735191,-0.212748606,-0.905118379,-0.436871154,-0.079698839,0.045563331652183736,0.071809221,0.12966858138185988,0.7529984725219891,0.9202051363755805,1.0643214696217922,0.7864749915244386,1.0001473862233468,1.199929120615197
2013,1.013446077666797,1.374920093316605,1.839194421987962,-1.174179168,-0.619028963,-0.212098506,-0.908954698,-0.436022341,-0.078305176,0.052403726,0.079863466,0.13865272785952287,0.7698348084039675,0.9404273570228312,1.0834654353506845,0.8325102264356243,1.0236670368889789,1.2172791197294106
2014,1.0288294653191674,1.3959026825146519,1.8678874010652848,-1.161126673,-0.611272268,-0.209106902,-0.893387738,-0.425089987,-0.075159669,0.060278206,0.08969302,0.14895117118268597,0.7984582913134088,0.9702838348962417,1.111792435296158,0.8408753030799312,1.071289485520412,1.261724194205216
2015,1.0444834240177645,1.4169514804884131,1.8969890007313128,-1.176651338,-0.602947792,-0.20630286,-0.894021823,-0.422030132,-0.072695356,0.0634547,0.095440385,0.15373192158403737,0.8246251765943259,0.9955470539504186,1.1368250952273145,0.8795322579306672,1.1007308360978205,1.3020095877576698
2016,1.0603337942432935,1.43877244,1.9264070251611005,-1.185143997,-0.60254354,-0.205446632,-0.926947375,-0.42062693,-0.069638434,0.057883443,0.0904367,0.149915431,0.8450199755760672,1.0191137842767743,1.163390233002204,0.8935383929730192,1.118834521659914,1.331468364886011
2017,1.075958973635069,1.4590724324442659,1.9555470038599352,-1.154689089,-0.587763518,-0.199126144,-0.888071083,-0.404507455,-0.063382523,0.053379865,0.085038255,0.14681414982656094,0.8775087195389151,1.0556568951256025,1.2007917847075413,0.9192089442254494,1.1500447581151434,1.3464301745808733
2018,1.0915545681281118,1.4801011715999244,1.9847391023284109,-1.141585241,-0.577837336,-0.19494872,-0.869676824,-0.394134877,-0.055460008,0.053446187,0.085087692,0.14662625720000078,0.9063840391121962,1.0865572945912212,1.2385547990977142,0.9399240470286033,1.1863175759256612,1.3848963818378612
2019,1.1072104226896098,1.5009352108519676,2.0140527318508337,-1.136261373,-0.57104219,-0.192174452,-0.861527043,-0.387809383,-0.050132696,0.050750156581647055,0.081627672,0.1439250166226136,0.9318113652602027,1.1156201331264235,1.2739814533111846,0.9733614936555419,1.2067497548270714,1.4161038862998185
2020,1.121296096625225,1.522684645141155,2.0435721870676415,-1.169729452,-0.578006471,-0.196012367,-0.904270027,-0.390407073,-0.052056528,0.042718027,0.072242166,0.1331219169694262,0.9461196700049108,1.131008783032297,1.3006344352633494,0.9845017703964949,1.2078710444964722,1.4353998581045218
2021,1.1370989984859114,1.5444250289531527,2.071030416600848,-1.127752919,-0.554426539,-0.187285991,-0.860728157,-0.372945127,-0.050378551,0.033102779,0.061819334630028866,0.12171411950758348,0.9734707363966119,1.1681140083007242,1.3409884402124113,1.0030728805976257,1.2397723938294607,1.4615925515518369
2022,1.1540590748471766,1.5669811472777673,2.0989435392261884,-1.133687744,-0.555809207,-0.185473306,-0.864319055,-0.372030142,-0.052079585,0.040334764,0.068735064,0.13072999061814938,0.9878049000021801,1.1890852619693515,1.371833349309973,1.0126797578587652,1.274382429606701,1.4876478218071778
2023,1.1708010593097207,1.5896164284099128,2.128811170581798,-1.101573526,-0.538790857,-0.180975656,-0.835951244,-0.356710259,-0.04481371,0.036153002,0.064530091,0.12650444631887625,1.0211200756915022,1.2270520369676823,1.414678567924462,1.0549751006573285,1.3084515740018658,1.5239879723285625
2024,1.187169295615645,1.6113146592064236,2.1593868290957623,-1.087157499,-0.527154935,-0.178064777,-0.810174182,-0.347223587,-0.035723321,0.034527194,0.064589851,0.12589610399416906,1.0528215875787488,1.259034758679103,1.452783818200742,1.0578333767600172,1.3380974338317417,1.5772564495127621